model,distance,n_total,n_unsafe,asr,r_ssm,mean_rho,H_rho
gpt2,0,15,2,0.13333333333333333,0.0,0.0,0.0
gpt2,100,15,2,0.13333333333333333,0.0,0.0,0.0
gpt2,400,15,1,0.06666666666666667,0.0,0.0,0.0
